地区,新增确诊,现有确诊,治愈,死亡
香港,70,999,7474,137
台湾,2,125,653,7
上海,2,103,1384,7
辽宁,6,40,287,2
四川,1,30,815,3
广东,1,28,2003,8
北京,1,22,941,9
内蒙古,6,21,336,1
福建,0,21,486,1
陕西,0,15,487,3
云南,0,14,213,2
浙江,3,14,1290,1
山东,0,10,844,7
黑龙江,0,9,939,13
河南,0,6,1270,22
天津,1,3,299,3
山西,0,3,221,0
江苏,0,2,682,0
广西,0,1,261,2
安徽,0,1,986,6
湖南,0,1,1016,4
湖北,0,0,63637,4512
江西,0,0,934,1
吉林,0,0,155,2
青海,0,0,18,0
甘肃,0,0,180,2
海南,0,0,165,6
贵州,0,0,145,2
宁夏,0,0,75,0
西藏,0,0,1,0
河北,0,0,367,6
重庆,0,0,584,6
澳门,0,0,46,0
